{
    "name": "Third Expansion",
    "description": "The official Third Expansion.",
    "watermark": "X3",
    "expansion": true,
    "blackCards": [
        {
            "text": "____: Hours of fun. Easy to use. Perfect for ____!",
            "pick": 2
        },
        {
            "text": "Turns out that ____-Man was neither the hero we needed nor wanted.",
            "pick": 1
        },
        {
            "text": "What left this stain on my couch?",
            "pick": 1
        },
        {
            "text": "Call the law offices of Goldstein &amp; Goldstein, because no one should have to tolerate ____ in the workplace.",
            "pick": 1
        },
        {
            "text": "A successful job interview begins with a firm handshake and ends with ____.",
            "pick": 1
        },
        {
            "text": "Lovin' you is easy 'cause you're ____.",
            "pick": 1
        },
        {
            "text": "Money can't buy me love, but it can buy me ____.",
            "pick": 1
        },
        {
            "text": "Listen, son. If you want to get involved with ____, I won't stop you. Just steer clear of ____.",
            "pick": 2
        },
        {
            "text": "During high school, I never really fit in until I found ____ club.",
            "pick": 1
        },
        {
            "text": "Hey baby, come back to my place and I'll show you ____.",
            "pick": 1
        },
        {
            "text": "To prepare for his upcoming role, Daniel Day-Lewis immersed himself in the world of ____.",
            "pick": 1
        },
        {
            "text": "Finally! A service that delivers ____ right to your door.",
            "pick": 1
        },
        {
            "text": "My gym teacher got fired for adding ____ to the obstacle course.",
            "pick": 1
        },
        {
            "text": "When you get right down to it, ____ is just ____.",
            "pick": 2
        },
        {
            "text": "As part of his daily regimen, Anderson Cooper sets aside 15 minutes for ____.",
            "pick": 1
        },
        {
            "text": "In the seventh circle of Hell, sinners must endure ____ for all eternity.",
            "pick": 1
        },
        {
            "text": "After months of practice with ____, I think I'm finally ready for ____.",
            "pick": 2
        },
        {
            "text": "The blind date was going horribly until we discovered our shared interest in ____.",
            "pick": 1
        },
        {
            "text": "____. Awesome in theory, kind of a mess in practice.",
            "pick": 1
        },
        {
            "text": "With enough time and pressure, ____ will turn into ____.",
            "pick": 2
        },
        {
            "text": "I'm not like the rest of you. I'm too rich and busy for ____.",
            "pick": 1
        },
        {
            "text": "And what did <i>you</i> bring for show and tell?",
            "pick": 1
        },
        {
            "text": "Having problems with ____? Try ____!",
            "pick": 2
        },
        {
            "text": "As part of his contract, Prince won't perform without ____ in his dressing room.",
            "pick": 1
        },
        {
            "text": "My life is ruled by a vicious cycle of ____ and ____.",
            "pick": 2
        }
    ],
    "whiteCards": [
        "The primal, ball-slapping sex your parents are having right now.",
        "A cat video so cute that your eyes roll back and your spine slides out of your anus.",
        "Cock.",
        "A cop who is also a dog.",
        "Dying alone and in pain.",
        "Gay aliens.",
        "The way white people is.",
        "Reverse cowgirl.",
        "The Quesadilla Explosion Salad&trade; from Chili's&reg;.",
        "Actually getting shot, for real.",
        "Not having sex.",
        "Vietnam flashbacks.",
        "Running naked through a mall, pissing and shitting everywhere.",
        "Nothing.",
        "Warm, velvety muppet sex.",
        "Self-flagellation.",
        "The systematic destruction of an entire people and their way of life.",
        "Samuel L. Jackson.",
        "A boo-boo.",
        "Going around punching people.",
        "The entire Internet.",
        "Some kind of bird-man.",
        "Chugging a lava lamp.",
        "Having sex on top of a pizza.",
        "Indescribable loneliness.",
        "An ass disaster.",
        "Shutting the fuck up.",
        "All my friends dying.",
        "Putting an entire peanut butter and jelly sandwich into the VCR.",
        "Spending lots of money.",
        "Some douche with an acoustic guitar.",
        "Flying robots that kill people.",
        "A greased-up Matthew McConaughey.",
        "An unstoppable wave of fire ants.",
        "Not contributing to society in any meaningful way.",
        "An all-midget production of Shakespeare's <i>Richard III</i>.",
        "Screaming like a maniac.",
        "The moist, demanding chasm of his mouth.",
        "Filling every orifice with butterscotch pudding.",
        "Unlimited soup, salad, and breadsticks.",
        "Crying into the pages of Sylvia Plath.",
        "Velcro&trade;",
        "A PowerPoint presentation.",
        "A surprising amount of hair.",
        "Eating Tom Selleck's mustache to gain his powers.",
        "Roland the Farter, flatulist to the king.",
        "That ass.",
        "A pile of squirming bodies.",
        "Buying the right pants to be cool.",
        "Blood farts.",
        "Three months in the hole.",
        "A botched circumcision.",
        "The Land of Chocolate.",
        "Slapping a racist old lady.",
        "A lamprey swimming up the toilet and latching onto your taint.",
        "Jumping out at people.",
        "A black male in his early 20s, last seen wearing a hoodie.",
        "Mufasa's death scene.",
        "Bill Clinton, naked on a bearskin rug with a saxophone.",
        "Demonic possession.",
        "The Harlem Globetrotters.",
        "Vomiting mid-blowjob.",
        "My manservant, Claude.",
        "Having shotguns for legs.",
        "Letting everyone down.",
        "A spontaneous conga line.",
        "A vagina that leads to another dimension.",
        "Disco fever.",
        "Getting your dick stuck in a Chinese finger trap with another dick.",
        "Fisting.",
        "The thin veneer of situational causality that underlies porn.",
        "Girls that always be textin'.",
        "Blowing some dudes in an alley.",
        "Sneezing, farting, and coming at the same time.",
        "Drinking ten 5-hour ENERGYs&reg; to get five continuous hours of energy."
    ]
}
