{
    "name": "First Expansion",
    "description": "The official First Expansion.",
    "watermark": "X1",
    "expansion": true,
    "blackCards": [
        {
            "text": "He who controls ____ controls the world.",
            "pick": 1
        },
        {
            "text": "The CIA now interrogates enemy agents by repeatedly subjecting them to ____.",
            "pick": 1
        },
        {
            "text": "Dear Sir or Madam, We regret to inform you that the Office of ____ has denied your request for ____.",
            "pick": 2
        },
        {
            "text": "In Rome, there are whisperings that the Vatican has a secret room devoted to ____.",
            "pick": 1
        },
        {
            "text": "Science will never explain the origin of ____.",
            "pick": 1
        },
        {
            "text": "When all else fails, I can always masturbate to ____.",
            "pick": 1
        },
        {
            "text": "I learned the hard way that you can't cheer up a grieving friend with ____.",
            "pick": 1
        },
        {
            "text": "In its new tourism campaign, Detroit proudly proclaims that it has finally eliminated ____.",
            "pick": 1
        },
        {
            "text": "An international tribunal has found ____ guilty of ____.",
            "pick": 2
        },
        {
            "text": "The socialist governments of Scandinavia have declared that access to ____ is a basic human right.",
            "pick": 1
        },
        {
            "text": "In his new self-produced album, Kanye West raps over the sounds of ____.",
            "pick": 1
        },
        {
            "text": "What's the gift that keeps on giving?",
            "pick": 1
        },
        {
            "text": "This season on Man vs. Wild, Bear Grylls must survive in the depths of the Amazon with only ____ and his wits.",
            "pick": 1
        },
        {
            "text": "When I pooped, what came out of my butt?",
            "pick": 1
        },
        {
            "text": "In the distant future, historians will agree that ____ marked the beginning of America's decline.",
            "pick": 1
        },
        {
            "text": "In a pinch, ____ can be a suitable substitute for ____.",
            "pick": 2
        },
        {
            "text": "What has been making life difficult at the nudist colony?",
            "pick": 1
        },
        {
            "text": "Michael Bay's new three-hour action epic pits ____ against ____.",
            "pick": 2
        },
        {
            "text": "And I would have gotten away with it, too, if it hadn't been for ____!",
            "pick": 1
        },
        {
            "text": "What brought the orgy to a grinding halt?",
            "pick": 1
        }
    ],
    "whiteCards": [
        "Leveling up.",
        "Literally eating shit.",
        "Making the penises kiss.",
        "Media coverage.",
        "Moral ambiguity.",
        "My machete.",
        "One thousand Slim Jims.",
        "Ominous background music.",
        "Overpowering your father.",
        "Pistol-whipping a hostage.",
        "Quiche.",
        "Quivering jowls.",
        "Revenge fucking.",
        "Ripping into a man's chest and pulling out his still-beating heart.",
        "Ryan Gosling riding in on a white horse.",
        "Santa Claus.",
        "Scrotum tickling.",
        "Sexual humiliation.",
        "Sexy Siamese twins.",
        "Slow motion.",
        "Space muffins.",
        "Statistically validated stereotypes.",
        "Sudden Poop Explosion Disease.",
        "The boners of the elderly.",
        "The economy.",
        "The Gulags.",
        "The harsh light of day.",
        "The hiccups.",
        "The shambling corpse of Larry King.",
        "The four arms of Vishnu.",
        "Being a busy adult with many important things to do.",
        "Tripping balls.",
        "Words, words, words.",
        "Zeus's sexual appetites.",
        "A big black dick.",
        "A beached whale.",
        "A bloody pacifier.",
        "A crappy little hand.",
        "A low standard of living.",
        "A nuanced critique.",
        "Panty raids.",
        "A passionate Latino lover.",
        "A rival dojo.",
        "A web of lies.",
        "A woman scorned.",
        "Clams",
        "Apologizing.",
        "Appreciative snapping.",
        "Neil Patrick Harris.",
        "Beating your wives.",
        "Being a dinosaur.",
        "Shaft.",
        "Bosnian chicken farmers.",
        "Nubile slave boys.",
        "Carnies.",
        "Coughing into a vagina.",
        "Suicidal thoughts.",
        "Dancing with a broom.",
        "Deflowering the princess.",
        "Dorito breath.",
        "Eating an albino.",
        "Enormous Scandinavian women.",
        "Fabricating statistics.",
        "Finding a skeleton.",
        "Gandalf.",
        "Genetically engineered super-soldiers.",
        "George Clooney's musk.",
        "Getting abducted by Peter Pan.",
        "Getting in her pants, politely.",
        "Gladiatorial combat.",
        "Good grammar.",
        "Hipsters.",
        "Historical revisionism.",
        "Insatiable bloodlust.",
        "Jafar.",
        "Jean-Claude Van Damme.",
        "Just the tip.",
        "Mad hacky-sack skills.",
        "Medieval Times&reg; Dinner &amp; Tournament.",
        "The Fanta&reg; girls."
    ]
}
