{
    "name": "Cyril's Silly Show",
    "description": "If you need a description, you don't need to use this.",
    "watermark": "Silly Show",
    "expansion": true,
    "blackCards": [
        {
            "text": "______ drew fanart of ______ fucking Cyril in the butt.",
            "pick": 2
        },
        {
            "text": "On tonight's Silly Show, tune in to hear Cyril read a clopfic about ______ being shipped with ______.",
            "pick": 2
        },
        {
            "text": "Cyril once ripped off his shirt on stage revealing _______.",
            "pick": 1
        }
    ],
    "whiteCards": [
        "Scrotal patch.",
        "Twinkle fingers.",
        "Dick Owl.",
        "Michelle Creber discovering Silly Show",
        "An average-sized Scootaloo.",
        "Eating out Derpy Hooves.",
        "Protoman's rectum of holding.",
        "Cyril's unshaved chest."
    ]
}
