{
    "name": "CAC Fan Group Expansion",
    "description": "CUTIE ART CRUSADERS! YAY!",
    "watermark": "CAC",
    "expansion": true,
    "blackCards": [
        {
            "text": "Hey guys, not to spoil this, but ___.",
            "pick": 1
        },
        {
            "text": "___'s life was complete when they were shipped with ___.",
            "pick": 2
        },
        {
            "text": "Guys, I have an important question. ___?",
            "pick": 1
        },
        {
            "text": "I joined the Skype call while everyone was talking about ___.",
            "pick": 1
        },
        {
            "text": "___ rustled ___'s jimmies with ___.",
            "pick": 3
        },
        {
            "text": "___ set off the Landmine.",
            "pick": 1
        },
        {
            "text": "Roll a D20 for a ___ check.",
            "pick": 1
        },
        {
            "text": "What does the fox say?",
            "pick": 1
        },
        {
            "text": "Posting NSFW pictures of ___ and ___.",
            "pick": 2
        },
        {
            "text": "Everyone laughed when the White Card ___ was submitted.",
            "pick": 1
        },
        {
            "text": "I couldn't go to bed because ___ was happening in the Skype call.",
            "pick": 1
        },
        {
            "text": "Everyone went silent when ___ did ___ in the RP.",
            "pick": 2
        },
        {
            "text": "___ swore a blood oath because they did ___.",
            "pick": 2
        },
        {
            "text": "___ ate breadsticks infront of ___ because it was funny.",
            "pick": 2
        },
        {
            "text": "___ should totally be the voice of ___.",
            "pick": 2
        },
        {
            "text": "Enjoy the ___, Fuckers!",
            "pick": 1
        },
        {
            "text": "I hate it when people keep posting ___.",
            "pick": 1
        },
        {
            "text": "Someone called Eillah ___.",
            "pick": 1
        },
        {
            "text": "___ was a Changeling the whole time.",
            "pick": 1
        },
        {
            "text": "Meti ended the campaign on a dark note when ___ killed ___.",
            "pick": 2
        },
        {
            "text": "All hell broke loose on deviantart when ___ change their name to ___.",
            "pick": 2
        }
    ],
    "whiteCards": [
        "SplashxPrincessRainbowSparkle",
        "Landmine Pony",
        "Slow escalation of laughter to put in a good card",
        "Making your friends mad on purpose",
        "Mentioning Pokéhidden every call",
        "Shipping everyone with everything",
        "Buttz",
        "Pooping in bushes",
        "You're a faget",
        "Splash",
        "Princess Rainbow Sparkle",
        "Eillah",
        "Glyph",
        "Soarin",
        "Wesley",
        "Zeta",
        "Mart",
        "Shibi",
        "Meti",
        "Michael",
        "Smooth Sailing's smooth, smooth voice",
        "Commander Senpai",
        "Sail-chan",
        "So much Fallout: Equestria",
        "Making our own album for the hell of it",
        "Shut up, I'm trying to read the cards!",
        "Bumping the Blood of Christ",
        "Nanomachines, Son!",
        "Making R34 of each other",
        "CARD DUMP!",
        "Roll a D20",
        "Oh my",
        "Not Safe For Work",
        "Buy the Golden Sword",
        "Acquiring the Golden Sword and fighting them irl",
        "I miss Soarin...",
        "Eillah's Dirty Mind",
        "Michelle",
        "Fluffy I Hate You All",
        "Goblins with Too Much Hair Gel",
        "Sporadically bursting into song over Skype",
        "Rarity's Bigger Blacker Dick 2: The Electric Boogaloo",
        "Everyone is Mart",
        "Meti doesn't like anything",
        "Touchpad's magnificent butt",
        "Linking KarpetShark's blogs",
        "Smooth Systematically Silencing Swearing",
        "The Clop Room",
        "Crazy's Skype Call House of Fun",
        "Frozen Synapse",
        "Sporadically changing the RP into an ERPG",
        "Glyph is god",
        "Playing Through the Fire and the Flames on Air Guitar",
        "Roll to Grapple",
        "Someone forgetting to add Commander to the Skype call",
        "Being Subscribed to Mart on YouTube",
        "Bat Ponies",
        "Echo",
        "Speck",
        "Florence",
        "Top Bat",
        "My Waifu!",
        "Meti's Harem of Waifus",
        "Body Pillows",
        "Crazy Pastels",
        "Cutie Art Crusaders",
        "Rainbow Plasma",
        "Bernd",
        "Flutterguy",
        "Atmospark",
        "Pinkie Dash",
        "Bernd Pizza",
        "Awkward silence...",
        "MASTER OF PUPPETS!!11!1!",
        "Shibi's 4chan links",
        "Eillah aka Hallie aka Michelle aka Smiley aka Ayla aka...",
        "Pronouncing Eillah wrong",
        "What does the fox say?",
        "Anthony's mustache",
        "Making characters at two o'clock in the morning",
        "Taking two hours just to make a simple character",
        "Estrogen, what's that?",
        "Meti using long words wrong while trying to sound smart",
        "Storm Shield winz lol",
        "All agreeing on the comics being good, even though we don't read them",
        "[Landmine Intensifies]",
        "Lindmine is best pony",
        "Sharknado",
        "The Unicorn Master Race",
        "/mlp/",
        "/b/"
    ]
}
