{
    "name": "Fourth Expansion",
    "description": "The official Fourth Expansion.",
    "watermark": "X4",
    "expansion": true,
    "blackCards": [
        {
            "text": "What's fun until it gets weird?",
            "pick": 1
        },
        {
            "text": "Wes Anderson's new film tells the story of a precocious child coming to terms with ____.",
            "pick": 1
        },
        {
            "text": "I'm sorry, sir, but we don't allow ____ at the country club.",
            "pick": 1
        },
        {
            "text": "How am I compensating for my tiny penis?",
            "pick": 1
        },
        {
            "text": "You've seen the bearded lady!<br/>You've seen the ring of fire!<br/>Now, ladies and gentlemen, feast your eyes upon ____!",
            "pick": 1
        },
        {
            "text": "She's up all night for good fun.<br/>I'm up all night for ____.",
            "pick": 1
        },
        {
            "text": "Dear Leader Kim Jong-un,<br/>our village praises your infinite wisdom with a humble offering of ____.",
            "pick": 1
        },
        {
            "text": "Man, this is bullshit. Fuck ____.",
            "pick": 1
        },
        {
            "text": "You guys, I saw this crazy movie last night. It opens on ____, and then there's some stuff about ____, and then it ends with ____.",
            "pick": 3
        },
        {
            "text": "In return for my soul, the Devil promised me ____, but all I got was ____.",
            "pick": 2
        },
        {
            "text": "The Japanese have developed a smaller, more efficient version of ____.",
            "pick": 1
        },
        {
            "text": "Alright, bros. Our frat house is condemned, and all the hot slampieces are over at Gamma Phi. The time has come to commence Operation ____.",
            "pick": 1
        },
        {
            "text": "This is the prime of my life. I'm young, hot, and full of ____.",
            "pick": 1
        },
        {
            "text": "I'm pretty sure I'm high right now, because I'm absolutely mesmerized by ____.",
            "pick": 1
        },
        {
            "text": "It lurks in the night. It hungers for flesh. This summer, no one is safe from ____.",
            "pick": 1
        },
        {
            "text": "If you can't handle ____, you'd better stay away from ____.",
            "pick": 2
        },
        {
            "text": "Forget everything you know about ____, because now we've supercharged it with ____!",
            "pick": 2
        },
        {
            "text": "Honey, I have a new role-play I want to try tonight! You can be ____, and I'll be ____.",
            "pick": 2
        },
        {
            "text": "This year's hottest album is \"____\" by ____.",
            "pick": 2
        },
        {
            "text": "Every step towards ____ gets me a little closer to ____.",
            "pick": 2
        },
        {
            "text": "Do <i>not</i> fuck with me! I am literally ____ right now.",
            "pick": 1
        },
        {
            "text": "2 AM in the city that never sleeps. The door swings open and <i>she</i> walks in, legs up to here. Something in her eyes tells me she's looking for ____.",
            "pick": 1
        },
        {
            "text": "As king, how will I keep the peasants in line?",
            "pick": 1
        },
        {
            "text": "I am become ____, destroyer of ____!",
            "pick": 2
        },
        {
            "text": "In the beginning, there was ____.<br/>And the Lord said, \"Let there be ____.\"",
            "pick": 2
        },
        {
            "text": "____ will never be the same after ____.",
            "pick": 2
        },
        {
            "text": "We never did find ____, but along the way we sure learned a lot about ____.",
            "pick": 2
        },
        {
            "text": "____ may pass, but ____ will last forever.",
            "pick": 2
        },
        {
            "text": "Adventure.<br/>Romance.<br/>____.<br/><br/>From Paramount Pictures, \"____.\"",
            "pick": 2
        },
        {
            "text": "Oprah's book of the month is \"____ For ____: A Story of Hope.\"",
            "pick": 2
        }
    ],
    "whiteCards": [
        "A bunch of idiots playing a card game instead of interacting like normal humans.",
        "A sex goblin with a carnival penis.",
        "Lots and lots of abortions.",
        "Injecting speed into one arm and horse tranquilizer into the other.",
        "Sharks with legs.",
        "A sex comet from Neptune that plunges the Earth into eternal sexiness.",
        "How awesome I am.",
        "Smoking crack, for instance.",
        "A dance move that's just sex.",
        "A hopeless amount of spiders.",
        "Drinking responsibly.",
        "Angelheaded hipsters burning for the ancient heavenly connection to the starry dynamo in the machinery of night.",
        "Bouncing up and down.",
        "A shiny rock that proves I love you.",
        "Crazy opium eyes.",
        "Moderate-to-severe joint pain.",
        "Finally finishing off the Indians.",
        "Actual mutants with medical conditions and no superpowers.",
        "The complex geopolitical quagmire that is the Middle East.",
        "Neil Diamond's Greatest Hits.",
        "No clothes on, penis in vagina.",
        "Whispering all sexy.",
        "A horse with no legs.",
        "Depression.",
        "Almost giving money to a homeless person.",
        "Interspecies marriage.",
        "Blackula.",
        "What Jesus would do.",
        "A manhole.",
        "My dad's dumb fucking face.",
        "A Ugandan warlord.",
        "My worthless son.",
        "A Native American who solves crimes by going into the spirit world.",
        "A kiss on the lips.",
        "A fart.",
        "The peaceful and nonthreatening rise of China.",
        "The size of my penis.",
        "Jizz.",
        "10 Incredible Facts About the Anus.",
        "The secret formula for ultimate female satisfaction.",
        "Sugar madness.",
        "Calculating every mannerism so as not to suggest homosexuality.",
        "Fucking a corpse back to life.",
        "The euphoric rush of strangling a drifter.",
        "Snorting coke off a clown's boner.",
        "Three consecutive seconds of happiness.",
        "Falling into the toilet.",
        "Ass to mouth.",
        "Some sort of Asian.",
        "The safe word.",
        "Party Mexicans.",
        "Ambiguous sarcasm.",
        "Prince Ali,<br/>fabulous he,<br/>Ali Ababwa.",
        "My sex dungeon.",
        "Child Protective Services.",
        "An interracial handshake.",
        "All the single ladies.",
        "Whatever a McRib&reg; is made of.",
        "Africa.",
        "Khakis.",
        "A gender identity that can only be conveyed through slam poetry.",
        "Stuff a child's face with Fun Dip&reg; until he starts having fun.",
        "A for-real lizard that spits blood from its eyes.",
        "The tiniest shred of evidence that God is real.",
        "Dem titties.",
        "Exploding pigeons.",
        "Doo-doo.",
        "Sports.",
        "Unquestioning obedience.",
        "Grammar nazis who are also regular Nazis."
    ]
}
