{
    "name": "The Holy Deck",
    "description": "Only use if brave.",
    "watermark": "8===D",
    "expansion": true,
    "blackCards": [
        {
            "text": "What is your favorite penis?",
            "pick": 1
        },
        {
            "text": "______ penis.",
            "pick": 1
        },
        {
            "text": "______ is best penis.",
            "pick": 1
        }
    ],
    "whiteCards": [
        "Dancing penis.",
        "Herm penis.",
        "Futapenis.",
        "Micropenis.",
        "Gently stroking the penis.",
        "Polish penis.",
        "GERMAN PENIS.",
        "Macropenis.",
        "Lonely penis.",
        "Small penis.",
        "Bastard penis.",
        "Twat penis.",
        "Use the Penis.",
        "The penis must flow.",
        "Penis Simulator 2013.",
        "Surgeon Simulator 2013 with a dick replacement mod.",
        "Penis stimulator.",
        "Wang Commander.",
        "Penis Penis Revolution.",
        "Suck my penis!",
        "Tree fiddy penis.",
        "Wanker penis.",
        "Dirty penis.",
        "Clean penis.",
        "Penis boy.",
        "Tom and Penis.",
        "Legend of Penis.",
        "My brother's penis.",
        "Hello Penis.",
        "Call of Penis: Penis Ops 2.",
        "Penis of the Year.",
        "The Elder Penises.",
        "Enter the penis.",
        "Penisbound.",
        "Peniscraft.",
        "Bet you thought this card wasn't about penises.",
        "Metro Penis.",
        "Bigger blacker penises.",
        "Pink Fluffy Penises Dancing In Vaginas.",
        "Super Penis.",
        "Guess what! Yep, penis.",
        "Penis Master.",
        "All these cards share a theme. (It's penises).",
        "Tons of penises.",
        "Bum penis.",
        "Forehead penis.",
        "Tony Hawk's Penis.",
        "Space penis.",
        "My Little Pony: Penis is Magic.",
        "Cum.",
        "I Am Penis.",
        "Titanic: The Story of a Penis.",
        "Back to the Penis.",
        "United Penises.",
        "Doctor Penis.",
        "Alan Wake's American Penis.",
        "Poke penis.",
        "God penis.",
        "The smallest whitest penis.",
        "Drunk penis.",
        "My penis.",
        "Becca's penis.",
        "Used penis.",
        "Virgin penis.",
        "Kung Fu Penis.",
        "Penis nostalgia.",
        "Hairy penis.",
        "Refresh page penis.",
        "BPenis.",
        "Cards Against Penis.",
        "Penis Against Humanity.",
        "Lord Of Penises.",
        "The Holy Penis.",
        "Teenage Mutant Ninja Penis",
        "Shredded penis.",
        "Final Penis.",
        "Pony penis.",
        "Horse penis.",
        "Rarity.",
        "IT penis.",
        "Flavored penis.",
        "The wrong penis.",
        "Penis with a hat.",
        "Hat and cane penis.",
        "Morning wood.",
        "Charlie Chaplin's penis.",
        "The Great British Penis.",
        "Big Dong.",
        "Sad penis.",
        "Microsoft Penis.",
        "Big Mac Penis.",
        "Tom Clancy's Penis.",
        "Incredible penis.",
        "Iron Penis.",
        "Jurassic Penis.",
        "Captain Penis.",
        "Penis Paradise.",
        "Penis Fantasy.",
        "P2P - Penis2Penis.",
        "Heroes of Penis.",
        "Penis Row 4.",
        "Endless penis.",
        "Penis Age 2.",
        "Asian penises.",
        "Crash Bandicock.",
        "Mortal Penis.",
        "Penis Dew.",
        "Unreal Penis.",
        "Blue penis.",
        "The Elements of Penis.",
        "The Mane Penis.",
        "Penis Scrolls.",
        "Penis Empire.",
        "Wonder Penis.",
        "The Fantastic Bean.",
        "Flash: The Quickest Penis.",
        "Robin: No penis.",
        "No penis.",
        "Silent Penis.",
        "BrotherPunk loves penis.",
        "Call of Penis.",
        "Happy penis.",
        "Neutral penis.",
        "Sketchy Penis.",
        "Crying penis.",
        "Princess Penis.",
        "Penis princess.",
        "Penistia.",
        "Robopenis!",
        "Inflatable penis.",
        "The Queen's penis.",
        "Penis penis.",
        "Barfing penis.",
        "Horton Hears a Penis.",
        "Cloudy With a Chance of Penis.",
        "(This card is not a penis).",
        "Viking penis.",
        "Large penis.",
        "Virtual penis.",
        "Enlarged penis.",
        "Cadence: Princess of Penis.",
        "Currently in use penis.",
        "Exploding penis.",
        "Horse cock.",
        "The Penis of Resistance.",
        "Cocoa penis.",
        "Assassin penis.",
        "Orange penis.",
        "Peach penis.",
        "How To Train Your Penis.",
        "FlutterPenis",
        "Hurricane penis",
        "Devil May Penis.",
        "A One-Way Ticket to Penis",
        "Penis May Cry.",
        "Ultimate Penis.",
        "Star Wars: The Penis Wars.",
        "Attack of the Penis.",
        "A Pussy So Tight No Dick Penetrates",
        "Revenge of the Penis.",
        "The Penis Strikes Back.",
        "Return of the Penis.",
        "Medieval Penis.",
        "Biopenis.",
        "Mass Penis.",
        "Dead Penis.",
        "Penis Crashers.",
        "Red Penis Redemption.",
        "Mr Bean's penis.",
        "The Chronicles of Penis.",
        "The Magic Penis.",
        "Drinking penis.",
        "Penises in bags.",
        "Saving Private Penis.",
        "Saving Ryan's Privates.",
        "Golden Penis.",
        "Daring Penis.",
        "Grand Theft Penis.",
        "All your penis are belong to us.",
        "Penis or no penis.",
        "Half-Penis 3.",
        "The Anal, The Vagina And The Penis.",
        "Penis Of Honor.",
        "World War Penis.",
        "Penis Must Die.",
        "The Manliest Penis.",
        "Team Penis 2.",
        "73647.",
        "P3n15.",
        "The One Penis to rule them all.",
        "Family Penis.",
        "Duck Penis.",
        "Swedish Penis.",
        "Penises From Outer Space.",
        "Roller Penis Tycoon.",
        "Penis in the night.",
        "Digipenis.",
        "Penis Daily.",
        "Multicolored penis.",
        "Penis claws.",
        "The Rednose Penis.",
        "Need For Penis.",
        "God of Penis.",
        "PenisPunk.",
        "DarkPenis.",
        "PenisAura.",
        "Dawn of the Walking Penis.",
        "Penis 64.",
        "PenisStation 3.",
        "Penises From Iwo Jima.",
        "PenisCube.",
        "CockBox 360.",
        "PocketPenis&trade;.",
        "Gears Of Penis.",
        "Dungeon and Penises.",
        "Penis wood.",
        "Penis Park.",
        "PenisSide 2.",
        "Fallout Penis.",
        "The Binding of Penis.",
        "The Life and Times of Penis.",
        "Penis: This is your life.",
        "Dragon Penis Z.",
        "PowerPuff Penis.",
        "CockTube.",
        "Penis Shippuuden.",
        "Penis in a box.",
        "Nightmare Penis.",
        "Multiple penis stabs.",
        "The Penis Massacre.",
        "Bronies: The Unexplained Penis.",
        "Stabbing yourself with a penis.",
        "Charles <b>Dick</b>ens.",
        "The Chosen Penis.",
        "Rebecca Cock.",
        "James Cock.",
        "The Penis Express.",
        "Penis Alone.",
        "Star Penis: The Virgin Wars.",
        "The weakest penis.",
        "Pirates of the Penis.",
        "Bad Dragon.",
        "Medal Of Penis.",
        "The Penis Network.",
        "Spyro: Dawn of the Penis.",
        "The Penis Page.",
        "I don't even penis.",
        "My Little Penis: Friendship is Vagina.",
        "Penis FIFA World Cup.",
        "Rise of the Penis.",
        "Penis: The Final Frontier.",
        "Lord of the Penis: The Two Vaginas.",
        "Harry Potter and the Deadly Penisesfire.",
        "Harry Potter and the Half-lord of Penis.",
        "Harry Potter and the Chamber of Penises.",
        "Harry Potter and the Penis of Fire.",
        "Double Penis All Across The Sky.",
        "Bunny penis.",
        "Romantic penis.",
        "Trout penis.",
        "Crotchboob penis.",
        "The penis that wasn't a penis.",
        "The Life of Penis.",
        "It's all about the size.",
        "Vagina."
    ]
}
