{
    "name": "Misprint Replacement Bonus Pack",
    "description": "Bonus cards included with replacements for misprinted cards.",
    "watermark": "Misprint Replacements",
    "expansion": true,
    "blackCards": [
        {
            "text": "Daddy, why is Mommy crying?",
            "pick": 1
        }
    ],
    "whiteCards": [
        "A bitch slap.",
        "One trillion dollars.",
        "Chunks of dead prostitute.",
        "The entire Mormon Tabernacle Choir.",
        "The female orgasm.",
        "Extremely tight pants.",
        "Stormtroopers.",
        "The Boy Scouts of America.",
        "Throwing a virgin into a volcano."
    ]
}
