[
  {
    "date": "Jun 25, 2016",
    "version": "1.0.11",
    "changes": [
      "Improved ban list",
      "Added CAH Creator watermarks"
    ]
  },
  {
    "date": "Jun 6, 2016",
    "version": "1.0.10",
    "changes": [
      "Improved <a href=\"http://cahcreator.com\">CAH Creator</a> integration (thanks <a href=\"https://github.com/tjhorner\">tjhorner</a>!)"
    ]
  },
  {
    "date": "Nov 26, 2015",
    "version": "1.0.9",
    "changes": [
      "Improved administrative capabilities... *polishes ban hammer*",
      "Game list is now sorted by player count and password",
      "Passworded games can be hidden from the game list"
    ]
  },
  {
    "date": "Oct 20, 2015",
    "version": "1.0.8",
    "changes": [
      "Chat history now also works in lobbies...",
      "Added Discord theme",
      "Added <a href=\"http://cahcreator.com\">CAH Creator</a> integration (thanks <a href=\"https://github.com/tjhorner\">tjhorner</a>!)"
    ]
  },
  {
    "date": "Sep 22, 2015",
    "version": "1.0.7",
    "changes": [
      "Added button to let hosts skip the current round",
      "Hopefully fixed annoying chat errors on iPad/iPhone",
      "Added chat history to game chats",
      "Increased chat history to 20 lines (from 10)",
      "Chat messages containing your nick are now highlighted"
    ]
  },
  {
    "date": "Feb 14, 2015",
    "changes": [
      "Added a pony shipping deck..."
    ]
  },
  {
    "date": "Feb 8, 2015",
    "version": "1.0.6",
    "changes": [
      "Added ability to ban players from games",
      "Various minor fixes and improvements"
    ]
  },
  {
    "date": "Sep 1, 2014",
    "version": "1.0.5",
    "changes": [
      "Split Creator's Pack in two decks so you can have more pony cards without the inside jokes (thanks Dev_Nights!)"
    ]
  },
    {
        "date": "Aug 13, 2014",
        "version": "1.0.4",
        "changes": [
            "Fixed game chat",
            "Prevented crash that sometimes happens in global chat",
            "Added message of the day stuff"
        ]
    },
    {
        "date": "Aug 12, 2014",
        "version": "1.0.3",
        "changes": [
            "Replaced chat input method, should fix issues on mobile devices",
            "Added Fluffle Puff theme!",
            "Added maximum number of hosted games per player (2 for now). You can still join as many games as you like",
            "Added pointless European cookie notice",
            "Game list no longer requires a login",
            "Hid password field on login"
        ]
    },
    {
        "date": "Feb 24, 2014",
        "version": "1.0.2",
        "changes": [
            "Hopefully fixed another crash bug"
        ]
    },
    {
        "date": "Feb 20, 2014",
        "version": "1.0.1",
        "changes": [
            "Fixed crash bug without actually knowing what went wrong (yay flu!)"
        ]
    },
    {
        "date": "Feb 14, 2014",
        "version": "1.0.0",
        "changes": [
            "We're live!"
        ]
    },
    {
        "date": "Jan 30, 2014",
        "version": "0.5.5 / 0.5.6",
        "changes": [
            "Added numbers to show selection order of cards",
            "Fixed game host migration",
            "Broke user logins",
            "Fixed user logins"
        ]
    },
    {
        "date": "Jan 21, 2014",
        "changes": [
            "Fixed restarting ended games",
            "Various minor UI fixes"
        ]
    },
    {
        "date": "Jan 20, 2014",
        "version": "0.5.4",
        "changes": [
            "Added button to return to lobby after a game ended",
            "Games with less than 3 players now return to the lobby"
        ]
    },
    {
        "date": "Jan 18, 2014",
        "changes": [
            "Pulled global chat to page bottom"
        ]
    },
    {
        "date": "Jan 16, 2014",
        "changes": [
            "Added user password field to invite page",
            "Added fancy watermark icon"
        ]
    },
    {
        "date": "Jan 15, 2014",
        "changes": [
            "Fixed user registration"
        ]
    },
    {
        "date": "Jan 14, 2014",
        "changes": [
            "Chat links now open in a new tab"
        ]
    },
    {
        "date": "Jan 13, 2014",
        "version": "0.5.3",
        "changes": [
            "Added a ton of new cards"
        ]
    },
    {
        "date": "Jan 12, 2014",
        "changes": [
            "Added proper footer",
            "Added zoom for white cards in hand"
        ]
    },
    {
        "date": "Jan 11, 2014",
        "changes": [
            "Added database backend",
            "Added name registration"
        ]
    },
    {
        "date": "Jan 10, 2014",
        "version": "0.5.1",
        "changes": [
            "Various internal fixes",
            "Fixed error messages looking weird in some cases",
            "Added page to view cards in decks",
            "Added checkbox to show/hide password in lobby",
            "Own played cards are now uncovered on the table",
            "Added global chat"
        ]
    },
    {
        "date": "Jan 9, 2014",
        "changes": [
            "Not logged in people can now use the URL of running/lobby games"
        ]
    },
    {
        "date": "Jan 8, 2014",
        "changes": [
            "Made chat links clickable",
            "Various minor UI improvements"
        ]
    },
    {
        "date": "Jan 7, 2014",
        "version": "0.4.6",
        "changes": [
            "Added Derpy theme",
            "Added Luna theme",
            "Various theme improvements"
        ]
    },
    {
        "date": "Jan 6, 2014",
        "changes": [
            "Improved client-side error handling",
            "Hopefully fixed an issue with round time limits",
            "Cleaned up lobby",
            "Added theme switching"
        ]
    },
    {
        "date": "Jan 5, 2014",
        "version": "0.4.3",
        "changes": [
            "Made chat scroll. Fancy!"
        ]
    },
    {
        "date": "Jan 4, 2014",
        "changes": [
            "Added grunt to minimize LESS/JS",
            "Implemented game chats (global is still missing)"
        ]
    },
    {
        "date": "Jan 3, 2014",
        "version": "0.4.0 / 0.4.1 / 0.4.2",
        "changes": [
            "Game data changes get synced to clients now"
        ]
    },
    {
        "date": "Jan 1, 2014",
        "changes": [
            "Implemented kicking players. Happy New Year!"
        ]
    },
    {
        "date": "Dec 31, 2013",
        "changes": [
            "Implemented round time limits",
            "Added a fancy countdown",
            "Fixed IE caching ajax requests...",
            "Made sure each player has exactly 10 cards for each round",
            "Rewrote card dealing logic"
        ]
    },
    {
        "date": "Dec 30, 2013",
        "changes": [
            "Added a new deck...",
            "Fixed interrupting listen requests when navigating away from lobby/game",
            "Cards now get properly uncovered when a player leaves",
            "Fixed leaving games in progress, again",
            "Initial czar is now randomly selected",
            "Added option to hide game from list",
            "Added option to limit round time (but didn't implement it yet)"
        ]
    },
    {
        "date": "Dec 23, 2013",
        "version": "0.3.0 / 0.3.1",
        "changes": [
            "Revamped game list",
            "Enabled return key on invite page fields</li></ul><ul><li>Various UI fixes",
            "Fixed critical issue when all players left a game",
            "Moved to GitHub"
        ]
    },
    {
        "date": "Dec 22, 2013",
        "changes": [
            "Fixed passworded games",
            "Various UI improvements"
        ]
    },
    {
        "date": "Dec 20, 2013",
        "changes": [
            "Added GitHub links",
            "Fixed games not disappearing after they ended"
        ]
    },
    {
        "date": "Dec 14, 2013",
        "version": "0.2.0",
        "changes": [
            "Added static pages/licensing info",
            "Fixed user name not displaying in game lobby"
        ]
    },
    {
        "date": "Dec 13, 2013",
        "changes": [
            "Fixed login redirect",
            "Added proper change log",
            "Added fancy version number display"
        ]
    },
    {
        "date": "Dec 8, 2013",
        "changes": [
            "Fixed joining games in progress",
            "Fixed leaving games in progress"
        ]
    },
    {
        "date": "Dec 2, 2013",
        "changes": [
            "Fixed played cards layout",
            "Fixed more UI issues",
            "LIST ENTRIES ARE NOW COMMA SEPARATED WOOT",
            "Fixed logout button while playing",
            "Added \"Leave game\" button"
        ]
    },
    {
        "date": "Nov 16/17, 2013",
        "changes": [
            "Added invite links",
            "Kind of fixed joining games in progress",
            "Fixed various game UI issues",
            "Added all card sets and expansions"
        ]
    },
    {
        "date": "Nov 3, 2013",
        "version": "0.1.0",
        "changes": [
            "First semi-public test!",
            "Stuff broke.</li></ul><ul><li>Fixed user sessions",
            "Fixed user sessions for real",
            "Players will now be removed from games on timeout"
        ]
    },
    {
        "date": "Oct 2, 2013",
        "changes": [
            "I started making this! Wooh!"
        ]
    }
]
