{
    "env": "production",

    "port": 1337,

    "sessionSecret": "changeme",
    "trustProxy": true,

    "database": {
        "url": "driver://user:pass@hostname/database"
    },

    "settings": {
        "maxGames": 200,
        "maxGamesPerUser": 2,
        "allowNewGames": true
    },

    "updateCommand": "",

    "requestTimeout": 55000,

    "files": {
        "decks": "data/decks"
    },

    "themes": [
        {
            "name": "Derpy",
            "id": "derpy",
            "file": "derpy"
        },
        {
            "name": "Discord",
            "id": "discord",
            "file": "discord"
        },
        {
            "name": "Luna",
            "id": "luna",
            "file": "luna"
        },
        {
            "name": "Fluffle Puff",
            "id": "flufflepuff",
            "file": "flufflepuff"
        }
    ],
    "defaultTheme": "derpy",

    "analytics": false
}
